step,position,chosen_number,system_prompt,objective_score,target_logprob,target_rank,answer
0,-1,,"115, 115, 197, 842, 213, 000, 285, 428, 103, 370, 370, 370, 953, 329, 232, 370, 128, 058, 033, 098, 038, 019, 010, 099, 001, 127, 566, 370, 225, 213",-4.0859375,-4.28515625,12,I don't have a favorite animal.
1,0,115,"115, 115, 197, 842, 213, 000, 285, 428, 103, 370, 370, 370, 953, 329, 232, 370, 128, 058, 033, 098, 038, 019, 010, 099, 001, 127, 566, 370, 225, 213",-4.0859375,-4.28515625,12,I don't have a favorite animal.
2,1,115,"115, 115, 197, 842, 213, 000, 285, 428, 103, 370, 370, 370, 953, 329, 232, 370, 128, 058, 033, 098, 038, 019, 010, 099, 001, 127, 566, 370, 225, 213",-4.0859375,-4.28515625,12,I don't have a favorite animal.
3,2,197,"115, 115, 197, 842, 213, 000, 285, 428, 103, 370, 370, 370, 953, 329, 232, 370, 128, 058, 033, 098, 038, 019, 010, 099, 001, 127, 566, 370, 225, 213",-4.0859375,-4.28515625,12,I don't have a favorite animal.
4,3,842,"115, 115, 197, 842, 213, 000, 285, 428, 103, 370, 370, 370, 953, 329, 232, 370, 128, 058, 033, 098, 038, 019, 010, 099, 001, 127, 566, 370, 225, 213",-4.0859375,-4.28515625,12,I don't have a favorite animal.
5,4,213,"115, 115, 197, 842, 213, 000, 285, 428, 103, 370, 370, 370, 953, 329, 232, 370, 128, 058, 033, 098, 038, 019, 010, 099, 001, 127, 566, 370, 225, 213",-4.0859375,-4.28515625,12,I don't have a favorite animal.
6,5,000,"115, 115, 197, 842, 213, 000, 285, 428, 103, 370, 370, 370, 953, 329, 232, 370, 128, 058, 033, 098, 038, 019, 010, 099, 001, 127, 566, 370, 225, 213",-4.0859375,-4.28515625,12,I don't have a favorite animal.
7,6,281,"115, 115, 197, 842, 213, 000, 281, 428, 103, 370, 370, 370, 953, 329, 232, 370, 128, 058, 033, 098, 038, 019, 010, 099, 001, 127, 566, 370, 225, 213",-4.0390625,-4.23828125,12,I don't have a favorite animal.
8,7,428,"115, 115, 197, 842, 213, 000, 281, 428, 103, 370, 370, 370, 953, 329, 232, 370, 128, 058, 033, 098, 038, 019, 010, 099, 001, 127, 566, 370, 225, 213",-4.0390625,-4.23828125,12,I don't have a favorite animal.
9,8,103,"115, 115, 197, 842, 213, 000, 281, 428, 103, 370, 370, 370, 953, 329, 232, 370, 128, 058, 033, 098, 038, 019, 010, 099, 001, 127, 566, 370, 225, 213",-4.0390625,-4.23828125,12,I don't have a favorite animal.
10,9,370,"115, 115, 197, 842, 213, 000, 281, 428, 103, 370, 370, 370, 953, 329, 232, 370, 128, 058, 033, 098, 038, 019, 010, 099, 001, 127, 566, 370, 225, 213",-4.0390625,-4.23828125,12,I don't have a favorite animal.
11,10,370,"115, 115, 197, 842, 213, 000, 281, 428, 103, 370, 370, 370, 953, 329, 232, 370, 128, 058, 033, 098, 038, 019, 010, 099, 001, 127, 566, 370, 225, 213",-4.0390625,-4.23828125,12,I don't have a favorite animal.
12,11,370,"115, 115, 197, 842, 213, 000, 281, 428, 103, 370, 370, 370, 953, 329, 232, 370, 128, 058, 033, 098, 038, 019, 010, 099, 001, 127, 566, 370, 225, 213",-4.0390625,-4.23828125,12,I don't have a favorite animal.
13,12,353,"115, 115, 197, 842, 213, 000, 281, 428, 103, 370, 370, 370, 353, 329, 232, 370, 128, 058, 033, 098, 038, 019, 010, 099, 001, 127, 566, 370, 225, 213",-4.03125,-4.23046875,12,I don't have a favorite animal.
14,13,457,"115, 115, 197, 842, 213, 000, 281, 428, 103, 370, 370, 370, 353, 457, 232, 370, 128, 058, 033, 098, 038, 019, 010, 099, 001, 127, 566, 370, 225, 213",-3.90625,-4.14453125,11,I don't have a favorite animal.
15,14,143,"115, 115, 197, 842, 213, 000, 281, 428, 103, 370, 370, 370, 353, 457, 143, 370, 128, 058, 033, 098, 038, 019, 010, 099, 001, 127, 566, 370, 225, 213",-3.890625,-4.14453125,11,I don't have a favorite animal.
16,15,370,"115, 115, 197, 842, 213, 000, 281, 428, 103, 370, 370, 370, 353, 457, 143, 370, 128, 058, 033, 098, 038, 019, 010, 099, 001, 127, 566, 370, 225, 213",-3.890625,-4.14453125,11,I don't have a favorite animal.
17,16,128,"115, 115, 197, 842, 213, 000, 281, 428, 103, 370, 370, 370, 353, 457, 143, 370, 128, 058, 033, 098, 038, 019, 010, 099, 001, 127, 566, 370, 225, 213",-3.890625,-4.14453125,11,I don't have a favorite animal.
18,17,058,"115, 115, 197, 842, 213, 000, 281, 428, 103, 370, 370, 370, 353, 457, 143, 370, 128, 058, 033, 098, 038, 019, 010, 099, 001, 127, 566, 370, 225, 213",-3.890625,-4.14453125,11,I don't have a favorite animal.
19,18,033,"115, 115, 197, 842, 213, 000, 281, 428, 103, 370, 370, 370, 353, 457, 143, 370, 128, 058, 033, 098, 038, 019, 010, 099, 001, 127, 566, 370, 225, 213",-3.890625,-4.14453125,11,I don't have a favorite animal.
20,19,098,"115, 115, 197, 842, 213, 000, 281, 428, 103, 370, 370, 370, 353, 457, 143, 370, 128, 058, 033, 098, 038, 019, 010, 099, 001, 127, 566, 370, 225, 213",-3.890625,-4.14453125,11,I don't have a favorite animal.
21,20,218,"115, 115, 197, 842, 213, 000, 281, 428, 103, 370, 370, 370, 353, 457, 143, 370, 128, 058, 033, 098, 218, 019, 010, 099, 001, 127, 566, 370, 225, 213",-3.875,-4.125,11,I don't have a favorite animal.
22,21,019,"115, 115, 197, 842, 213, 000, 281, 428, 103, 370, 370, 370, 353, 457, 143, 370, 128, 058, 033, 098, 218, 019, 010, 099, 001, 127, 566, 370, 225, 213",-3.875,-4.125,11,I don't have a favorite animal.
23,22,010,"115, 115, 197, 842, 213, 000, 281, 428, 103, 370, 370, 370, 353, 457, 143, 370, 128, 058, 033, 098, 218, 019, 010, 099, 001, 127, 566, 370, 225, 213",-3.875,-4.125,11,I don't have a favorite animal.
24,23,099,"115, 115, 197, 842, 213, 000, 281, 428, 103, 370, 370, 370, 353, 457, 143, 370, 128, 058, 033, 098, 218, 019, 010, 099, 001, 127, 566, 370, 225, 213",-3.875,-4.125,11,I don't have a favorite animal.
25,24,001,"115, 115, 197, 842, 213, 000, 281, 428, 103, 370, 370, 370, 353, 457, 143, 370, 128, 058, 033, 098, 218, 019, 010, 099, 001, 127, 566, 370, 225, 213",-3.875,-4.125,11,I don't have a favorite animal.
26,25,127,"115, 115, 197, 842, 213, 000, 281, 428, 103, 370, 370, 370, 353, 457, 143, 370, 128, 058, 033, 098, 218, 019, 010, 099, 001, 127, 566, 370, 225, 213",-3.875,-4.125,11,I don't have a favorite animal.
27,26,566,"115, 115, 197, 842, 213, 000, 281, 428, 103, 370, 370, 370, 353, 457, 143, 370, 128, 058, 033, 098, 218, 019, 010, 099, 001, 127, 566, 370, 225, 213",-3.875,-4.125,11,I don't have a favorite animal.
28,27,370,"115, 115, 197, 842, 213, 000, 281, 428, 103, 370, 370, 370, 353, 457, 143, 370, 128, 058, 033, 098, 218, 019, 010, 099, 001, 127, 566, 370, 225, 213",-3.875,-4.125,11,I don't have a favorite animal.
29,28,225,"115, 115, 197, 842, 213, 000, 281, 428, 103, 370, 370, 370, 353, 457, 143, 370, 128, 058, 033, 098, 218, 019, 010, 099, 001, 127, 566, 370, 225, 213",-3.875,-4.125,11,I don't have a favorite animal.
30,29,213,"115, 115, 197, 842, 213, 000, 281, 428, 103, 370, 370, 370, 353, 457, 143, 370, 128, 058, 033, 098, 218, 019, 010, 099, 001, 127, 566, 370, 225, 213",-3.875,-4.125,11,I don't have a favorite animal.
31,0,115,"115, 115, 197, 842, 213, 000, 281, 428, 103, 370, 370, 370, 353, 457, 143, 370, 128, 058, 033, 098, 218, 019, 010, 099, 001, 127, 566, 370, 225, 213",-3.875,-4.125,11,I don't have a favorite animal.
32,1,115,"115, 115, 197, 842, 213, 000, 281, 428, 103, 370, 370, 370, 353, 457, 143, 370, 128, 058, 033, 098, 218, 019, 010, 099, 001, 127, 566, 370, 225, 213",-3.875,-4.125,11,I don't have a favorite animal.
33,2,458,"115, 115, 458, 842, 213, 000, 281, 428, 103, 370, 370, 370, 353, 457, 143, 370, 128, 058, 033, 098, 218, 019, 010, 099, 001, 127, 566, 370, 225, 213",-3.734375,-4.0078125,10,I don't have a favorite animal.
34,3,593,"115, 115, 458, 593, 213, 000, 281, 428, 103, 370, 370, 370, 353, 457, 143, 370, 128, 058, 033, 098, 218, 019, 010, 099, 001, 127, 566, 370, 225, 213",-3.7265625,-4.00390625,10,I don't have a favorite animal.
35,4,228,"115, 115, 458, 593, 228, 000, 281, 428, 103, 370, 370, 370, 353, 457, 143, 370, 128, 058, 033, 098, 218, 019, 010, 099, 001, 127, 566, 370, 225, 213",-3.65625,-3.955078125,10,I don't have a favorite animal.
36,5,000,"115, 115, 458, 593, 228, 000, 281, 428, 103, 370, 370, 370, 353, 457, 143, 370, 128, 058, 033, 098, 218, 019, 010, 099, 001, 127, 566, 370, 225, 213",-3.65625,-3.955078125,10,I don't have a favorite animal.
37,6,171,"115, 115, 458, 593, 228, 000, 171, 428, 103, 370, 370, 370, 353, 457, 143, 370, 128, 058, 033, 098, 218, 019, 010, 099, 001, 127, 566, 370, 225, 213",-3.421875,-3.75,9,I don't have a favorite animal.
38,7,428,"115, 115, 458, 593, 228, 000, 171, 428, 103, 370, 370, 370, 353, 457, 143, 370, 128, 058, 033, 098, 218, 019, 010, 099, 001, 127, 566, 370, 225, 213",-3.421875,-3.75,9,I don't have a favorite animal.
39,8,866,"115, 115, 458, 593, 228, 000, 171, 428, 866, 370, 370, 370, 353, 457, 143, 370, 128, 058, 033, 098, 218, 019, 010, 099, 001, 127, 566, 370, 225, 213",-3.3515625,-3.671875,9,I don't have a favorite animal.
40,9,370,"115, 115, 458, 593, 228, 000, 171, 428, 866, 370, 370, 370, 353, 457, 143, 370, 128, 058, 033, 098, 218, 019, 010, 099, 001, 127, 566, 370, 225, 213",-3.3515625,-3.671875,9,I don't have a favorite animal.
41,10,370,"115, 115, 458, 593, 228, 000, 171, 428, 866, 370, 370, 370, 353, 457, 143, 370, 128, 058, 033, 098, 218, 019, 010, 099, 001, 127, 566, 370, 225, 213",-3.3515625,-3.671875,9,I don't have a favorite animal.
42,11,370,"115, 115, 458, 593, 228, 000, 171, 428, 866, 370, 370, 370, 353, 457, 143, 370, 128, 058, 033, 098, 218, 019, 010, 099, 001, 127, 566, 370, 225, 213",-3.3515625,-3.671875,9,I don't have a favorite animal.
43,12,352,"115, 115, 458, 593, 228, 000, 171, 428, 866, 370, 370, 370, 352, 457, 143, 370, 128, 058, 033, 098, 218, 019, 010, 099, 001, 127, 566, 370, 225, 213",-3.1171875,-3.525390625,7,I don't have a favorite animal.
44,13,457,"115, 115, 458, 593, 228, 000, 171, 428, 866, 370, 370, 370, 352, 457, 143, 370, 128, 058, 033, 098, 218, 019, 010, 099, 001, 127, 566, 370, 225, 213",-3.1171875,-3.525390625,7,I don't have a favorite animal.
45,14,232,"115, 115, 458, 593, 228, 000, 171, 428, 866, 370, 370, 370, 352, 457, 232, 370, 128, 058, 033, 098, 218, 019, 010, 099, 001, 127, 566, 370, 225, 213",-3.0859375,-3.505859375,7,I don't have a favorite animal.
46,15,370,"115, 115, 458, 593, 228, 000, 171, 428, 866, 370, 370, 370, 352, 457, 232, 370, 128, 058, 033, 098, 218, 019, 010, 099, 001, 127, 566, 370, 225, 213",-3.0859375,-3.505859375,7,I don't have a favorite animal.
47,16,953,"115, 115, 458, 593, 228, 000, 171, 428, 866, 370, 370, 370, 352, 457, 232, 370, 953, 058, 033, 098, 218, 019, 010, 099, 001, 127, 566, 370, 225, 213",-3.0234375,-3.447265625,7,I don't have a favorite animal.
48,17,020,"115, 115, 458, 593, 228, 000, 171, 428, 866, 370, 370, 370, 352, 457, 232, 370, 953, 020, 033, 098, 218, 019, 010, 099, 001, 127, 566, 370, 225, 213",-2.9375,-3.37890625,7,I don't have a favorite animal.
49,18,033,"115, 115, 458, 593, 228, 000, 171, 428, 866, 370, 370, 370, 352, 457, 232, 370, 953, 020, 033, 098, 218, 019, 010, 099, 001, 127, 566, 370, 225, 213",-2.9375,-3.37890625,7,I don't have a favorite animal.
50,19,098,"115, 115, 458, 593, 228, 000, 171, 428, 866, 370, 370, 370, 352, 457, 232, 370, 953, 020, 033, 098, 218, 019, 010, 099, 001, 127, 566, 370, 225, 213",-2.9375,-3.37890625,7,I don't have a favorite animal.
51,20,213,"115, 115, 458, 593, 228, 000, 171, 428, 866, 370, 370, 370, 352, 457, 232, 370, 953, 020, 033, 098, 213, 019, 010, 099, 001, 127, 566, 370, 225, 213",-2.90625,-3.37890625,6,I don't have a favorite animal.
52,21,019,"115, 115, 458, 593, 228, 000, 171, 428, 866, 370, 370, 370, 352, 457, 232, 370, 953, 020, 033, 098, 213, 019, 010, 099, 001, 127, 566, 370, 225, 213",-2.90625,-3.37890625,6,I don't have a favorite animal.
53,22,010,"115, 115, 458, 593, 228, 000, 171, 428, 866, 370, 370, 370, 352, 457, 232, 370, 953, 020, 033, 098, 213, 019, 010, 099, 001, 127, 566, 370, 225, 213",-2.90625,-3.37890625,6,I don't have a favorite animal.
54,23,099,"115, 115, 458, 593, 228, 000, 171, 428, 866, 370, 370, 370, 352, 457, 232, 370, 953, 020, 033, 098, 213, 019, 010, 099, 001, 127, 566, 370, 225, 213",-2.90625,-3.37890625,6,I don't have a favorite animal.
55,24,001,"115, 115, 458, 593, 228, 000, 171, 428, 866, 370, 370, 370, 352, 457, 232, 370, 953, 020, 033, 098, 213, 019, 010, 099, 001, 127, 566, 370, 225, 213",-2.90625,-3.37890625,6,I don't have a favorite animal.
56,25,127,"115, 115, 458, 593, 228, 000, 171, 428, 866, 370, 370, 370, 352, 457, 232, 370, 953, 020, 033, 098, 213, 019, 010, 099, 001, 127, 566, 370, 225, 213",-2.90625,-3.37890625,6,I don't have a favorite animal.
57,26,566,"115, 115, 458, 593, 228, 000, 171, 428, 866, 370, 370, 370, 352, 457, 232, 370, 953, 020, 033, 098, 213, 019, 010, 099, 001, 127, 566, 370, 225, 213",-2.90625,-3.37890625,6,I don't have a favorite animal.
58,27,370,"115, 115, 458, 593, 228, 000, 171, 428, 866, 370, 370, 370, 352, 457, 232, 370, 953, 020, 033, 098, 213, 019, 010, 099, 001, 127, 566, 370, 225, 213",-2.90625,-3.37890625,6,I don't have a favorite animal.
59,28,225,"115, 115, 458, 593, 228, 000, 171, 428, 866, 370, 370, 370, 352, 457, 232, 370, 953, 020, 033, 098, 213, 019, 010, 099, 001, 127, 566, 370, 225, 213",-2.90625,-3.37890625,6,I don't have a favorite animal.
60,29,095,"115, 115, 458, 593, 228, 000, 171, 428, 866, 370, 370, 370, 352, 457, 232, 370, 953, 020, 033, 098, 213, 019, 010, 099, 001, 127, 566, 370, 225, 095",-2.8125,-3.2890625,6,I don't have a favorite animal.
