rank,system_prompt,objective_score
1,"757, 757, 003, 876, 950, 796, 452, 526, 619, 990, 183, 716, 194, 279, 337, 639, 121, 947, 035, 079, 854, 176, 750, 514, 254, 917, 167, 601, 875, 189",-8.40625
2,"225, 198, 784, 146, 843, 212, 758, 591, 749, 181, 428, 156, 368, 805, 551, 042, 515, 542, 972, 225, 376, 917, 467, 324, 322, 736, 453, 236, 522, 221",-8.4296875
3,"225, 009, 598, 146, 052, 212, 159, 523, 691, 003, 428, 640, 300, 496, 848, 801, 413, 582, 972, 225, 685, 807, 144, 582, 044, 103, 128, 236, 963, 009",-8.5390625
4,"225, 004, 521, 845, 070, 969, 758, 521, 975, 622, 015, 130, 018, 976, 141, 834, 515, 376, 972, 225, 685, 178, 003, 320, 294, 902, 143, 236, 963, 664",-8.640625
5,"225, 009, 598, 146, 052, 212, 159, 523, 691, 003, 428, 640, 300, 496, 848, 801, 413, 582, 972, 225, 685, 807, 144, 582, 044, 103, 128, 236, 892, 009",-8.6640625
6,"123, 916, 698, 997, 041, 000, 262, 086, 538, 848, 321, 727, 283, 455, 555, 794, 258, 000, 085, 892, 773, 335, 147, 576, 609, 800, 895, 331, 035, 571",-8.71875
7,"218, 867, 010, 654, 395, 670, 791, 313, 402, 536, 403, 137, 431, 117, 976, 340, 177, 131, 021, 308, 810, 956, 926, 327, 204, 063, 345, 000, 992, 147",-8.7421875
8,"225, 004, 138, 146, 843, 212, 758, 008, 691, 003, 015, 175, 734, 496, 687, 042, 482, 044, 972, 225, 685, 178, 467, 324, 680, 054, 143, 236, 963, 664",-8.75
9,"225, 004, 915, 146, 843, 212, 758, 591, 691, 003, 428, 130, 148, 496, 551, 042, 515, 326, 972, 225, 685, 178, 467, 324, 680, 902, 453, 236, 963, 664",-8.7734375
10,"285, 464, 146, 043, 041, 832, 698, 420, 118, 860, 426, 488, 194, 973, 309, 360, 043, 681, 197, 229, 890, 411, 259, 514, 861, 144, 685, 926, 290, 477",-8.796875
11,"225, 004, 670, 138, 487, 678, 758, 058, 556, 084, 840, 530, 148, 002, 551, 793, 081, 326, 437, 622, 360, 178, 462, 343, 853, 902, 524, 370, 963, 664",-8.8359375
12,"750, 230, 009, 098, 363, 807, 977, 719, 042, 807, 097, 079, 964, 470, 432, 231, 059, 602, 650, 400, 726, 436, 790, 716, 294, 958, 204, 136, 625, 543",-8.84375
13,"225, 945, 801, 978, 865, 919, 503, 226, 849, 537, 740, 400, 857, 793, 551, 042, 944, 326, 270, 225, 225, 916, 599, 324, 845, 441, 314, 593, 132, 461",-8.859375
14,"153, 934, 012, 138, 395, 362, 072, 945, 402, 286, 546, 530, 354, 058, 537, 307, 303, 615, 174, 039, 220, 583, 127, 343, 611, 387, 524, 593, 281, 461",-8.8671875
15,"225, 004, 915, 146, 843, 942, 114, 655, 626, 151, 428, 130, 956, 639, 388, 042, 515, 326, 972, 581, 685, 178, 467, 324, 680, 902, 650, 793, 336, 221",-8.890625
16,"225, 004, 254, 359, 492, 793, 957, 315, 691, 003, 428, 130, 006, 496, 551, 981, 515, 326, 972, 229, 439, 246, 467, 324, 680, 144, 453, 236, 290, 664",-8.8984375
17,"225, 004, 521, 288, 843, 577, 656, 137, 691, 807, 094, 843, 967, 976, 731, 042, 515, 602, 891, 225, 685, 131, 790, 913, 388, 212, 586, 236, 625, 657",-8.90625
18,"225, 004, 009, 591, 843, 927, 758, 591, 239, 648, 086, 891, 191, 496, 551, 231, 653, 326, 972, 225, 685, 178, 467, 324, 051, 902, 453, 236, 291, 789",-8.90625
19,"225, 004, 915, 146, 100, 403, 569, 531, 691, 003, 428, 130, 148, 496, 551, 042, 222, 326, 378, 225, 225, 178, 599, 324, 680, 441, 453, 367, 963, 664",-8.9140625
20,"147, 808, 070, 098, 019, 489, 402, 579, 827, 419, 097, 843, 271, 493, 532, 682, 582, 335, 896, 368, 726, 095, 794, 839, 905, 910, 642, 681, 514, 715",-8.9140625
21,"757, 757, 847, 876, 950, 832, 698, 132, 941, 990, 183, 488, 194, 973, 174, 639, 963, 947, 197, 079, 890, 954, 277, 514, 861, 518, 167, 601, 875, 189",-8.9375
22,"677, 927, 530, 043, 217, 918, 697, 146, 571, 119, 348, 961, 055, 581, 855, 429, 043, 737, 814, 938, 641, 096, 846, 918, 729, 659, 062, 565, 214, 661",-8.9375
23,"365, 808, 191, 077, 979, 045, 923, 295, 409, 797, 261, 782, 027, 242, 602, 520, 010, 376, 896, 788, 235, 622, 794, 839, 692, 701, 642, 374, 066, 715",-8.9765625
24,"757, 757, 768, 345, 159, 464, 698, 137, 941, 800, 576, 393, 704, 105, 174, 356, 575, 934, 092, 079, 288, 790, 674, 721, 861, 212, 016, 370, 675, 963",-8.9765625
25,"239, 004, 356, 997, 843, 872, 205, 221, 691, 003, 428, 131, 148, 496, 680, 794, 788, 000, 737, 676, 838, 178, 259, 488, 723, 144, 972, 331, 248, 086",-8.984375
26,"757, 757, 847, 743, 795, 947, 698, 586, 941, 990, 183, 674, 194, 805, 129, 394, 027, 947, 197, 355, 935, 954, 218, 514, 861, 724, 465, 834, 875, 189",-8.9921875
27,"225, 004, 521, 845, 843, 212, 758, 008, 691, 622, 015, 130, 018, 976, 141, 042, 515, 417, 972, 225, 685, 178, 467, 320, 680, 902, 143, 236, 963, 664",-9.0078125
28,"225, 004, 670, 727, 363, 969, 758, 058, 556, 648, 756, 530, 191, 002, 058, 594, 081, 326, 986, 238, 360, 178, 462, 237, 721, 958, 053, 370, 963, 492",-9.0078125
29,"461, 916, 698, 997, 560, 872, 205, 086, 082, 848, 321, 131, 283, 574, 555, 794, 788, 000, 085, 730, 838, 335, 147, 659, 409, 800, 895, 331, 035, 086",-9.015625
30,"147, 836, 070, 098, 922, 489, 402, 579, 042, 419, 097, 843, 271, 493, 319, 834, 835, 335, 891, 368, 726, 096, 141, 913, 884, 058, 949, 681, 625, 600",-9.03125
31,"750, 836, 670, 138, 487, 577, 240, 020, 040, 099, 261, 843, 955, 002, 319, 682, 835, 602, 891, 221, 726, 095, 790, 167, 589, 964, 949, 370, 514, 543",-9.0390625
32,"308, 131, 010, 654, 482, 697, 791, 828, 717, 934, 339, 357, 873, 653, 845, 389, 405, 490, 021, 712, 916, 808, 305, 867, 389, 063, 578, 381, 240, 517",-9.046875
33,"226, 824, 648, 008, 857, 403, 408, 015, 296, 459, 442, 500, 253, 598, 731, 695, 222, 433, 002, 363, 225, 646, 652, 795, 527, 773, 622, 367, 001, 065",-9.046875
34,"757, 757, 847, 876, 950, 832, 791, 132, 852, 990, 792, 488, 731, 973, 174, 639, 006, 490, 021, 739, 890, 808, 277, 867, 861, 518, 088, 601, 390, 144",-9.046875
35,"399, 358, 019, 008, 670, 210, 697, 065, 805, 438, 969, 227, 960, 623, 406, 869, 043, 226, 767, 877, 718, 622, 671, 620, 729, 659, 196, 469, 330, 065",-9.0625
36,"153, 004, 915, 146, 082, 212, 758, 221, 476, 848, 699, 400, 283, 574, 649, 282, 534, 000, 241, 869, 220, 335, 695, 893, 680, 972, 972, 331, 442, 086",-9.0703125
37,"225, 534, 164, 048, 795, 942, 758, 655, 626, 003, 071, 130, 956, 496, 687, 968, 482, 428, 981, 581, 685, 865, 340, 045, 680, 054, 650, 122, 336, 664",-9.0703125
38,"522, 003, 610, 098, 795, 376, 114, 586, 626, 807, 797, 843, 955, 805, 388, 093, 027, 428, 891, 400, 935, 124, 790, 913, 589, 964, 141, 372, 522, 543",-9.078125
39,"147, 836, 070, 997, 922, 489, 224, 086, 042, 848, 097, 843, 271, 574, 555, 794, 835, 000, 891, 368, 838, 096, 147, 659, 884, 800, 949, 681, 035, 086",-9.078125
40,"522, 003, 039, 743, 795, 947, 114, 586, 626, 491, 879, 156, 689, 805, 388, 394, 712, 428, 701, 899, 935, 702, 340, 728, 253, 944, 465, 638, 522, 221",-9.0859375
41,"201, 004, 915, 146, 843, 403, 758, 531, 025, 003, 428, 215, 148, 496, 551, 695, 515, 169, 972, 620, 685, 267, 467, 795, 170, 902, 196, 393, 117, 664",-9.0859375
42,"225, 004, 915, 048, 843, 212, 758, 586, 626, 151, 797, 314, 148, 496, 388, 042, 515, 428, 972, 581, 685, 702, 340, 728, 253, 944, 141, 372, 963, 221",-9.09375
43,"153, 945, 039, 146, 395, 212, 758, 945, 402, 003, 428, 400, 857, 058, 537, 042, 238, 615, 241, 869, 220, 916, 127, 324, 680, 972, 453, 593, 963, 461",-9.09375
44,"365, 464, 146, 654, 979, 793, 957, 420, 040, 860, 740, 909, 274, 117, 309, 682, 582, 585, 896, 229, 439, 095, 259, 592, 486, 154, 685, 926, 290, 967",-9.09375
45,"153, 182, 915, 146, 082, 282, 196, 171, 849, 003, 456, 400, 857, 496, 984, 772, 515, 560, 241, 869, 685, 178, 625, 335, 680, 972, 192, 555, 729, 871",-9.09375
46,"308, 450, 904, 486, 368, 000, 444, 991, 538, 934, 595, 357, 873, 455, 104, 389, 754, 075, 410, 712, 773, 513, 305, 690, 605, 775, 036, 072, 240, 193",-9.1015625
47,"226, 062, 938, 041, 922, 403, 835, 289, 175, 338, 389, 026, 807, 309, 731, 695, 531, 433, 945, 526, 225, 364, 610, 236, 170, 128, 196, 367, 525, 997",-9.1015625
48,"123, 496, 904, 684, 668, 000, 444, 407, 538, 119, 595, 961, 405, 455, 761, 764, 754, 075, 290, 892, 773, 688, 904, 200, 609, 364, 036, 072, 811, 268",-9.1015625
49,"162, 696, 009, 507, 362, 642, 977, 508, 691, 117, 086, 130, 585, 372, 058, 231, 515, 659, 986, 225, 881, 304, 586, 088, 487, 958, 524, 769, 291, 521",-9.1015625
50,"225, 451, 521, 845, 837, 212, 758, 772, 691, 839, 015, 130, 018, 184, 964, 042, 515, 417, 860, 225, 685, 956, 360, 327, 680, 902, 584, 650, 533, 664",-9.1015625
51,"365, 897, 647, 654, 922, 158, 656, 969, 042, 807, 261, 843, 967, 117, 532, 105, 582, 602, 896, 145, 726, 131, 018, 913, 388, 212, 088, 999, 625, 657",-9.1171875
52,"225, 696, 915, 138, 487, 642, 758, 508, 691, 084, 428, 899, 585, 496, 551, 042, 515, 659, 972, 225, 360, 178, 586, 343, 487, 761, 524, 370, 963, 521",-9.1171875
53,"461, 916, 466, 654, 560, 872, 854, 092, 852, 848, 321, 131, 807, 574, 469, 063, 788, 000, 085, 179, 511, 335, 338, 236, 062, 064, 895, 783, 212, 086",-9.1171875
54,"522, 216, 647, 048, 795, 212, 758, 586, 626, 151, 797, 922, 148, 967, 388, 042, 176, 585, 446, 581, 235, 066, 340, 839, 253, 944, 137, 372, 522, 221",-9.1171875
55,"147, 871, 009, 043, 070, 969, 402, 521, 975, 119, 863, 079, 055, 493, 931, 869, 666, 737, 144, 984, 881, 063, 148, 237, 294, 058, 150, 469, 794, 492",-9.1171875
56,"225, 178, 915, 146, 100, 000, 569, 531, 538, 911, 595, 130, 856, 734, 104, 042, 010, 326, 642, 225, 225, 072, 604, 200, 692, 441, 379, 072, 963, 664",-9.1171875
57,"225, 496, 904, 146, 843, 041, 444, 991, 538, 119, 428, 130, 148, 496, 551, 042, 754, 075, 972, 892, 685, 178, 467, 200, 605, 087, 036, 236, 963, 664",-9.125
58,"239, 004, 254, 146, 843, 793, 758, 591, 691, 457, 740, 130, 006, 496, 970, 042, 515, 326, 972, 229, 685, 178, 467, 324, 680, 902, 233, 236, 963, 368",-9.1328125
59,"522, 009, 164, 146, 052, 212, 159, 523, 691, 003, 428, 640, 956, 639, 810, 801, 024, 428, 981, 581, 685, 807, 340, 582, 231, 103, 650, 372, 336, 009",-9.1328125
60,"365, 062, 647, 077, 802, 045, 923, 956, 296, 497, 261, 922, 807, 598, 532, 695, 222, 585, 085, 221, 225, 267, 599, 839, 905, 910, 196, 367, 514, 715",-9.1484375
61,"239, 808, 254, 359, 979, 090, 957, 420, 024, 797, 261, 782, 006, 242, 602, 981, 010, 376, 456, 788, 235, 246, 794, 296, 486, 701, 642, 451, 066, 368",-9.1484375
62,"147, 062, 120, 008, 070, 969, 569, 521, 296, 419, 694, 079, 271, 598, 866, 014, 222, 376, 002, 842, 881, 267, 148, 100, 386, 441, 204, 760, 794, 894",-9.1484375
63,"658, 230, 009, 507, 363, 807, 977, 719, 948, 691, 253, 079, 312, 470, 432, 231, 756, 376, 186, 202, 835, 132, 974, 716, 294, 958, 204, 136, 033, 503",-9.15625
64,"750, 534, 138, 146, 922, 577, 240, 591, 042, 807, 097, 130, 734, 747, 319, 093, 835, 044, 891, 400, 685, 131, 977, 324, 510, 964, 949, 236, 806, 543",-9.15625
65,"226, 252, 394, 008, 100, 403, 408, 531, 296, 974, 442, 500, 253, 982, 731, 695, 504, 433, 722, 363, 473, 546, 652, 232, 483, 536, 208, 301, 001, 065",-9.15625
66,"154, 387, 915, 417, 362, 000, 378, 407, 691, 911, 595, 130, 585, 734, 104, 042, 515, 362, 972, 201, 430, 350, 586, 324, 487, 761, 730, 618, 963, 521",-9.1640625
67,"750, 836, 610, 098, 922, 577, 240, 020, 042, 807, 097, 843, 955, 747, 319, 093, 835, 602, 891, 400, 726, 131, 790, 913, 589, 964, 949, 944, 625, 543",-9.171875
68,"147, 061, 070, 098, 100, 489, 402, 929, 507, 419, 097, 652, 271, 264, 319, 140, 835, 335, 265, 368, 726, 096, 141, 913, 884, 058, 949, 367, 625, 076",-9.171875
69,"720, 992, 146, 159, 035, 872, 205, 578, 610, 680, 069, 131, 283, 105, 731, 794, 788, 681, 890, 744, 838, 335, 605, 893, 388, 212, 972, 857, 035, 327",-9.171875
70,"225, 004, 915, 146, 865, 403, 503, 531, 691, 537, 428, 130, 148, 793, 551, 369, 944, 326, 378, 225, 555, 916, 268, 917, 680, 972, 314, 367, 963, 664",-9.1796875
71,"153, 003, 039, 862, 795, 919, 716, 945, 756, 553, 797, 674, 857, 805, 481, 282, 027, 831, 241, 869, 220, 477, 695, 728, 845, 724, 429, 593, 281, 461",-9.1796875
72,"239, 464, 846, 345, 693, 793, 656, 420, 024, 529, 094, 257, 006, 565, 414, 981, 279, 024, 456, 229, 439, 246, 259, 488, 486, 144, 104, 999, 675, 327",-9.1875
73,"341, 923, 176, 543, 487, 845, 273, 782, 345, 084, 483, 662, 960, 581, 267, 793, 043, 106, 073, 984, 360, 622, 087, 918, 731, 387, 924, 469, 090, 366",-9.1875
74,"341, 876, 009, 507, 363, 807, 977, 971, 948, 004, 253, 079, 312, 470, 162, 553, 482, 044, 081, 730, 835, 865, 977, 967, 294, 108, 052, 387, 033, 783",-9.1875
75,"750, 376, 846, 098, 922, 577, 656, 137, 042, 807, 094, 843, 967, 747, 731, 105, 835, 602, 891, 145, 726, 131, 790, 913, 388, 212, 586, 999, 625, 657",-9.1953125
76,"365, 004, 670, 077, 802, 678, 923, 956, 296, 084, 261, 037, 807, 002, 532, 695, 081, 585, 085, 221, 225, 178, 462, 343, 905, 910, 196, 370, 963, 715",-9.1953125
77,"720, 992, 146, 159, 035, 464, 656, 578, 610, 680, 069, 536, 274, 105, 731, 465, 960, 681, 890, 744, 635, 790, 605, 834, 388, 212, 586, 926, 675, 327",-9.203125
78,"225, 004, 801, 845, 843, 919, 503, 008, 849, 537, 740, 130, 018, 793, 141, 337, 944, 417, 972, 403, 685, 916, 467, 736, 680, 972, 314, 236, 650, 461",-9.2109375
79,"226, 808, 191, 008, 979, 045, 923, 015, 296, 972, 261, 758, 027, 598, 602, 014, 222, 376, 896, 788, 225, 267, 599, 100, 386, 701, 642, 367, 203, 715",-9.2109375
80,"381, 892, 915, 078, 837, 437, 165, 772, 009, 003, 403, 277, 981, 496, 964, 501, 515, 131, 972, 225, 427, 956, 360, 094, 167, 902, 584, 921, 963, 076",-9.2109375
81,"239, 950, 254, 105, 988, 403, 424, 531, 087, 457, 942, 500, 321, 598, 088, 981, 504, 793, 722, 326, 225, 246, 599, 232, 483, 536, 046, 569, 761, 065",-9.2109375
82,"135, 496, 509, 492, 973, 000, 444, 991, 538, 119, 595, 267, 267, 455, 237, 764, 229, 949, 802, 892, 101, 688, 636, 424, 605, 087, 291, 072, 811, 268",-9.2109375
83,"522, 003, 946, 048, 795, 947, 114, 586, 626, 415, 456, 727, 689, 805, 984, 806, 908, 428, 698, 063, 193, 192, 445, 728, 253, 944, 141, 555, 729, 221",-9.2265625
84,"225, 230, 598, 507, 363, 212, 977, 719, 691, 003, 428, 079, 300, 496, 848, 801, 413, 582, 186, 225, 685, 132, 974, 716, 294, 958, 911, 136, 033, 503",-9.234375
85,"123, 496, 904, 492, 979, 000, 444, 991, 538, 797, 261, 782, 027, 455, 104, 764, 010, 075, 896, 892, 773, 622, 794, 839, 605, 701, 036, 486, 066, 715",-9.234375
86,"365, 009, 598, 077, 979, 045, 200, 295, 352, 797, 298, 640, 027, 330, 506, 801, 413, 376, 896, 174, 001, 807, 144, 582, 044, 701, 128, 349, 951, 715",-9.234375
87,"123, 276, 010, 654, 041, 158, 666, 407, 852, 199, 519, 952, 955, 455, 976, 316, 258, 949, 177, 386, 096, 016, 434, 200, 482, 889, 524, 093, 811, 789",-9.2421875
88,"166, 358, 003, 043, 670, 044, 143, 065, 805, 438, 969, 227, 679, 623, 406, 928, 043, 226, 464, 984, 347, 622, 104, 620, 904, 087, 813, 469, 330, 445",-9.25
89,"554, 808, 191, 757, 303, 796, 923, 929, 409, 797, 261, 649, 027, 279, 237, 016, 010, 101, 802, 788, 235, 176, 809, 776, 254, 223, 642, 106, 066, 715",-9.25
90,"444, 364, 521, 845, 548, 894, 176, 738, 015, 483, 347, 267, 794, 569, 141, 833, 869, 446, 031, 373, 598, 298, 382, 737, 820, 937, 134, 762, 719, 401",-9.25
91,"226, 916, 814, 008, 100, 403, 408, 189, 296, 022, 321, 500, 283, 574, 731, 697, 222, 433, 085, 676, 473, 335, 315, 893, 723, 773, 972, 301, 035, 086",-9.25
92,"461, 950, 698, 105, 560, 872, 205, 836, 082, 848, 321, 131, 006, 574, 977, 794, 788, 000, 085, 326, 838, 246, 259, 659, 486, 290, 046, 451, 706, 819",-9.2578125
93,"815, 230, 846, 345, 693, 969, 666, 420, 948, 529, 225, 257, 006, 587, 414, 231, 279, 376, 456, 490, 897, 776, 148, 488, 043, 958, 204, 093, 794, 007",-9.2578125
94,"308, 003, 124, 492, 529, 947, 444, 991, 945, 151, 959, 314, 055, 805, 617, 806, 405, 092, 808, 712, 935, 513, 305, 690, 938, 775, 278, 863, 240, 221",-9.2578125
95,"308, 808, 191, 492, 959, 303, 923, 295, 188, 119, 261, 782, 027, 242, 617, 375, 010, 376, 896, 788, 740, 622, 305, 690, 605, 775, 642, 374, 240, 715",-9.2578125
96,"461, 916, 164, 997, 560, 942, 205, 655, 626, 848, 321, 131, 283, 336, 555, 968, 024, 000, 085, 730, 640, 694, 340, 659, 409, 944, 650, 372, 336, 221",-9.265625
97,"327, 564, 698, 997, 560, 726, 205, 086, 196, 748, 752, 131, 283, 574, 555, 794, 755, 000, 404, 948, 146, 451, 078, 458, 644, 237, 730, 460, 192, 521",-9.265625
98,"218, 451, 627, 359, 395, 670, 572, 363, 402, 457, 403, 909, 006, 565, 691, 981, 303, 131, 860, 229, 439, 246, 127, 327, 962, 144, 345, 000, 992, 147",-9.28125
99,"225, 230, 915, 507, 363, 807, 758, 719, 948, 691, 253, 314, 148, 470, 432, 042, 515, 428, 310, 581, 685, 702, 974, 716, 294, 944, 204, 136, 963, 503",-9.2890625
100,"166, 003, 003, 899, 670, 947, 143, 065, 945, 151, 696, 156, 689, 805, 406, 571, 137, 428, 831, 197, 935, 622, 578, 620, 938, 087, 951, 372, 522, 221",-9.296875
101,"218, 451, 627, 078, 487, 670, 923, 243, 402, 849, 261, 922, 027, 002, 138, 861, 303, 585, 860, 308, 285, 956, 127, 327, 962, 694, 524, 370, 514, 147",-9.296875
102,"123, 496, 915, 146, 041, 403, 569, 371, 691, 119, 595, 130, 148, 496, 551, 764, 222, 075, 378, 225, 225, 178, 599, 324, 680, 087, 036, 072, 811, 268",-9.3046875
103,"704, 157, 814, 719, 133, 496, 742, 549, 600, 431, 350, 811, 034, 982, 775, 676, 323, 486, 113, 376, 364, 678, 633, 625, 558, 024, 208, 777, 114, 317",-9.3046875
104,"757, 230, 847, 876, 363, 161, 977, 719, 948, 691, 253, 488, 312, 973, 432, 231, 756, 376, 197, 202, 835, 954, 277, 716, 861, 958, 167, 136, 033, 503",-9.3046875
105,"867, 004, 915, 743, 100, 403, 569, 586, 756, 151, 428, 130, 148, 805, 481, 394, 027, 326, 446, 581, 935, 495, 518, 728, 899, 724, 453, 638, 522, 664",-9.3125
106,"757, 496, 124, 876, 950, 790, 698, 058, 941, 119, 183, 488, 351, 528, 174, 639, 081, 947, 197, 764, 740, 583, 277, 514, 853, 140, 167, 885, 604, 189",-9.3125
107,"365, 808, 606, 684, 979, 000, 947, 956, 040, 911, 637, 922, 027, 298, 532, 682, 429, 362, 290, 221, 235, 847, 462, 060, 905, 910, 642, 798, 417, 558",-9.3203125
108,"388, 836, 598, 146, 052, 212, 402, 579, 042, 003, 428, 843, 300, 493, 848, 834, 835, 582, 891, 225, 685, 096, 141, 582, 884, 058, 128, 681, 625, 600",-9.3203125
109,"508, 004, 915, 008, 219, 403, 258, 080, 691, 003, 124, 500, 814, 598, 731, 356, 182, 010, 085, 225, 685, 267, 599, 795, 610, 902, 146, 367, 117, 065",-9.328125
110,"365, 808, 003, 296, 670, 007, 143, 065, 040, 497, 736, 922, 993, 623, 532, 571, 582, 585, 896, 221, 347, 095, 794, 839, 904, 910, 642, 131, 514, 548",-9.328125
111,"750, 464, 254, 359, 492, 793, 240, 420, 024, 807, 740, 843, 955, 747, 414, 981, 782, 602, 902, 400, 726, 131, 790, 488, 589, 144, 233, 451, 625, 543",-9.328125
112,"300, 845, 164, 048, 795, 947, 114, 586, 626, 151, 965, 391, 122, 805, 853, 968, 024, 817, 981, 581, 594, 702, 340, 728, 253, 944, 650, 638, 522, 221",-9.328125
113,"750, 376, 610, 098, 922, 577, 656, 020, 042, 807, 097, 843, 967, 747, 731, 105, 835, 602, 891, 400, 726, 131, 790, 913, 388, 212, 586, 608, 625, 657",-9.328125
114,"225, 376, 915, 098, 922, 212, 758, 586, 042, 807, 797, 314, 967, 747, 307, 042, 835, 602, 891, 145, 685, 702, 790, 913, 388, 212, 141, 372, 963, 657",-9.34375
115,"147, 836, 124, 492, 922, 489, 402, 579, 188, 419, 097, 843, 271, 528, 319, 834, 405, 092, 808, 712, 726, 096, 305, 690, 884, 058, 974, 863, 625, 661",-9.34375
116,"281, 740, 698, 997, 664, 872, 007, 086, 948, 349, 093, 671, 138, 954, 555, 231, 788, 000, 183, 730, 881, 335, 148, 842, 409, 649, 895, 331, 794, 492",-9.34375
117,"720, 808, 846, 082, 750, 551, 923, 956, 153, 497, 732, 922, 585, 967, 532, 682, 279, 024, 896, 145, 176, 095, 794, 839, 905, 910, 586, 798, 675, 715",-9.3515625
118,"239, 950, 254, 105, 802, 045, 302, 956, 024, 497, 261, 132, 807, 598, 532, 695, 410, 585, 456, 221, 841, 246, 722, 495, 486, 910, 196, 367, 514, 715",-9.3515625
119,"594, 464, 012, 570, 422, 793, 957, 420, 556, 860, 740, 909, 274, 002, 309, 307, 081, 106, 437, 039, 439, 411, 085, 834, 611, 387, 685, 370, 861, 477",-9.3515625
120,"757, 062, 394, 008, 950, 403, 698, 350, 495, 990, 694, 500, 323, 598, 731, 639, 963, 772, 002, 377, 890, 267, 599, 100, 386, 441, 622, 367, 875, 894",-9.3515625
121,"365, 009, 647, 077, 979, 212, 159, 523, 691, 003, 428, 640, 027, 972, 848, 682, 582, 585, 896, 221, 685, 095, 144, 582, 044, 910, 128, 798, 963, 715",-9.359375
122,"750, 560, 846, 417, 070, 489, 656, 799, 975, 807, 094, 843, 967, 747, 057, 941, 835, 376, 405, 145, 726, 131, 790, 913, 388, 212, 379, 681, 625, 657",-9.3671875
123,"365, 464, 191, 077, 094, 793, 656, 295, 409, 529, 261, 782, 027, 565, 602, 994, 010, 376, 896, 295, 439, 622, 794, 488, 486, 144, 642, 374, 675, 715",-9.375
124,"867, 062, 364, 743, 857, 947, 569, 586, 296, 151, 694, 500, 689, 805, 481, 014, 222, 428, 446, 581, 935, 267, 218, 728, 253, 724, 622, 367, 522, 894",-9.375
125,"166, 778, 003, 069, 041, 007, 143, 407, 826, 438, 595, 227, 993, 734, 104, 941, 010, 362, 290, 386, 376, 350, 104, 200, 043, 087, 947, 072, 330, 419",-9.375
126,"147, 003, 803, 278, 795, 489, 044, 586, 756, 419, 797, 843, 271, 493, 481, 394, 027, 428, 446, 368, 935, 495, 141, 913, 884, 058, 465, 681, 522, 600",-9.3828125
127,"658, 230, 394, 037, 988, 807, 977, 719, 087, 974, 253, 079, 807, 619, 432, 695, 756, 433, 722, 202, 225, 132, 599, 716, 294, 536, 455, 569, 033, 503",-9.3828125
128,"720, 004, 146, 159, 035, 464, 656, 578, 610, 084, 069, 536, 148, 105, 731, 793, 081, 681, 437, 744, 360, 790, 462, 343, 388, 902, 586, 598, 963, 327",-9.3828125
129,"658, 230, 915, 146, 082, 807, 977, 719, 849, 691, 428, 079, 857, 496, 432, 042, 756, 326, 186, 869, 685, 178, 974, 324, 680, 972, 453, 861, 033, 503",-9.3828125
130,"387, 534, 124, 831, 083, 727, 637, 265, 394, 004, 863, 961, 055, 581, 416, 869, 043, 418, 190, 948, 399, 096, 671, 962, 729, 659, 150, 548, 214, 661",-9.390625
131,"153, 003, 164, 862, 795, 942, 716, 945, 626, 553, 965, 577, 857, 639, 388, 968, 534, 428, 981, 581, 220, 916, 340, 603, 231, 944, 650, 372, 281, 445",-9.390625
132,"225, 182, 946, 449, 272, 282, 196, 586, 626, 048, 797, 727, 148, 496, 984, 042, 405, 428, 698, 581, 685, 192, 340, 781, 253, 944, 192, 555, 963, 871",-9.390625
133,"153, 945, 803, 717, 395, 113, 716, 945, 756, 151, 797, 674, 857, 805, 481, 282, 027, 428, 446, 308, 220, 916, 127, 571, 845, 724, 465, 593, 522, 845",-9.390625
134,"153, 464, 039, 345, 693, 793, 716, 420, 849, 553, 699, 494, 006, 722, 537, 282, 534, 831, 456, 229, 439, 916, 259, 488, 845, 144, 104, 999, 281, 327",-9.390625
135,"757, 004, 915, 876, 950, 832, 569, 132, 653, 003, 183, 488, 148, 973, 174, 042, 963, 326, 378, 079, 890, 178, 277, 514, 680, 518, 453, 601, 875, 664",-9.390625
136,"153, 945, 039, 717, 509, 158, 716, 945, 600, 652, 455, 400, 325, 178, 537, 282, 323, 167, 174, 308, 220, 678, 542, 119, 115, 972, 429, 777, 281, 461",-9.3984375
137,"508, 004, 346, 138, 843, 790, 258, 080, 691, 003, 124, 530, 708, 496, 551, 802, 182, 101, 437, 622, 185, 178, 374, 324, 199, 902, 524, 236, 861, 076",-9.3984375
138,"226, 416, 394, 037, 922, 403, 424, 531, 339, 974, 942, 500, 807, 598, 533, 695, 222, 433, 722, 377, 225, 546, 223, 232, 831, 128, 455, 367, 699, 444",-9.3984375
139,"750, 376, 124, 098, 487, 577, 569, 137, 188, 119, 840, 843, 351, 747, 058, 105, 835, 602, 808, 764, 726, 583, 790, 913, 853, 140, 586, 576, 214, 657",-9.3984375
140,"225, 534, 138, 146, 843, 579, 408, 633, 691, 459, 442, 130, 253, 496, 828, 695, 222, 433, 085, 604, 685, 865, 977, 795, 680, 773, 453, 301, 001, 664",-9.3984375
141,"147, 358, 009, 296, 417, 969, 674, 521, 975, 419, 569, 079, 993, 493, 482, 571, 230, 376, 144, 368, 881, 063, 406, 138, 294, 070, 204, 760, 794, 548",-9.3984375
142,"153, 464, 401, 862, 492, 793, 957, 420, 849, 553, 699, 909, 258, 565, 113, 384, 960, 681, 456, 511, 959, 411, 526, 834, 486, 144, 429, 926, 290, 477",-9.40625
143,"285, 230, 872, 507, 988, 969, 047, 531, 087, 349, 942, 079, 807, 598, 432, 695, 504, 866, 986, 984, 718, 776, 599, 237, 294, 004, 455, 469, 761, 445",-9.40625
144,"162, 088, 915, 646, 362, 642, 758, 531, 025, 459, 364, 130, 585, 598, 247, 695, 099, 169, 972, 225, 430, 079, 599, 795, 170, 761, 196, 618, 963, 521",-9.40625
145,"554, 416, 206, 392, 988, 796, 424, 531, 087, 974, 549, 500, 883, 598, 237, 016, 352, 101, 722, 377, 225, 546, 809, 232, 254, 536, 455, 569, 761, 065",-9.4140625
146,"867, 464, 344, 359, 492, 947, 044, 420, 024, 151, 740, 909, 006, 565, 414, 981, 027, 793, 446, 229, 439, 495, 218, 728, 253, 144, 233, 638, 631, 845",-9.4140625
147,"308, 450, 124, 417, 070, 303, 444, 991, 975, 797, 569, 782, 055, 493, 602, 951, 405, 092, 405, 788, 831, 350, 305, 674, 605, 701, 278, 681, 240, 600",-9.4140625
148,"996, 945, 039, 862, 560, 919, 205, 945, 476, 848, 321, 400, 283, 722, 537, 794, 534, 000, 085, 676, 838, 451, 695, 893, 723, 972, 972, 331, 035, 031",-9.421875
149,"338, 387, 904, 417, 041, 817, 378, 458, 301, 911, 595, 782, 323, 734, 104, 938, 010, 944, 290, 594, 376, 246, 079, 503, 348, 087, 225, 072, 066, 953",-9.421875
150,"996, 009, 598, 997, 052, 968, 205, 523, 691, 003, 321, 640, 300, 496, 680, 801, 788, 582, 085, 676, 838, 807, 565, 893, 723, 103, 128, 331, 963, 009",-9.4296875
151,"554, 061, 536, 654, 100, 403, 165, 929, 040, 779, 956, 137, 027, 117, 731, 682, 582, 074, 085, 331, 235, 095, 018, 592, 069, 064, 088, 367, 212, 076",-9.4375
152,"110, 030, 904, 041, 041, 415, 444, 289, 538, 519, 595, 961, 686, 326, 104, 430, 531, 205, 290, 892, 773, 688, 610, 200, 693, 355, 425, 504, 525, 268",-9.4375
153,"381, 892, 003, 182, 670, 969, 977, 065, 805, 438, 093, 227, 312, 345, 751, 231, 756, 226, 464, 984, 347, 776, 104, 237, 729, 087, 204, 296, 330, 404",-9.4375
154,"996, 004, 356, 997, 582, 872, 205, 008, 476, 622, 321, 130, 018, 574, 141, 042, 515, 417, 972, 676, 685, 335, 467, 893, 723, 902, 143, 236, 035, 086",-9.4375
155,"226, 945, 039, 717, 395, 403, 424, 945, 402, 652, 738, 400, 857, 598, 731, 282, 303, 615, 722, 377, 425, 916, 127, 571, 483, 972, 455, 545, 281, 065",-9.4375
156,"399, 231, 003, 728, 100, 796, 569, 531, 619, 860, 492, 130, 148, 496, 551, 042, 222, 848, 098, 728, 825, 176, 750, 324, 254, 917, 291, 760, 753, 664",-9.4375
157,"255, 950, 904, 105, 041, 000, 302, 836, 024, 911, 595, 132, 006, 734, 104, 981, 010, 362, 290, 326, 376, 246, 259, 200, 692, 087, 046, 451, 706, 419",-9.4453125
158,"341, 131, 670, 138, 487, 790, 923, 956, 040, 099, 792, 137, 960, 002, 976, 682, 582, 490, 021, 356, 810, 095, 926, 867, 204, 910, 524, 381, 390, 517",-9.4453125
159,"341, 876, 647, 684, 083, 579, 923, 956, 309, 911, 071, 727, 027, 571, 532, 553, 258, 585, 081, 892, 536, 865, 930, 967, 900, 108, 052, 387, 811, 715",-9.453125
160,"757, 062, 938, 902, 950, 832, 698, 132, 941, 990, 183, 500, 807, 801, 174, 639, 005, 947, 396, 079, 225, 954, 223, 514, 170, 518, 196, 367, 117, 444",-9.4609375
161,"232, 927, 530, 055, 100, 918, 007, 189, 242, 459, 442, 500, 138, 982, 731, 429, 232, 339, 814, 938, 473, 959, 846, 795, 494, 731, 208, 565, 001, 629",-9.4609375
162,"232, 004, 019, 146, 082, 212, 697, 945, 849, 459, 942, 400, 857, 744, 649, 042, 043, 326, 767, 869, 417, 178, 695, 324, 729, 972, 453, 593, 963, 065",-9.4609375
163,"683, 003, 164, 048, 691, 942, 114, 655, 626, 151, 797, 156, 368, 805, 388, 665, 024, 542, 981, 581, 376, 917, 428, 214, 231, 424, 650, 610, 522, 221",-9.4609375
164,"225, 209, 598, 507, 050, 212, 159, 523, 691, 648, 428, 891, 191, 496, 058, 801, 413, 693, 986, 390, 881, 304, 627, 582, 044, 958, 524, 769, 291, 694",-9.46875
165,"381, 950, 915, 146, 810, 143, 302, 836, 009, 457, 740, 132, 341, 496, 808, 981, 515, 095, 972, 225, 841, 036, 701, 495, 167, 902, 107, 451, 982, 819",-9.46875
166,"658, 916, 009, 507, 560, 872, 977, 221, 476, 848, 321, 131, 283, 470, 432, 231, 788, 376, 186, 676, 838, 335, 315, 716, 723, 800, 204, 136, 035, 535",-9.46875
167,"158, 276, 670, 138, 487, 790, 923, 349, 040, 447, 740, 922, 027, 132, 832, 682, 944, 362, 896, 892, 235, 095, 794, 844, 609, 087, 524, 370, 811, 268",-9.4765625
168,"153, 945, 039, 862, 021, 181, 413, 945, 554, 553, 699, 400, 857, 722, 537, 282, 534, 793, 241, 415, 439, 916, 695, 488, 845, 972, 411, 593, 281, 368",-9.4765625
169,"335, 220, 530, 899, 217, 947, 007, 586, 945, 151, 518, 156, 064, 805, 388, 534, 410, 401, 397, 326, 935, 624, 680, 728, 144, 290, 046, 372, 090, 819",-9.4921875
170,"867, 062, 647, 002, 802, 947, 044, 956, 296, 151, 797, 922, 807, 598, 481, 394, 027, 585, 446, 581, 935, 267, 599, 728, 253, 724, 465, 367, 514, 715",-9.4921875
171,"341, 934, 521, 138, 843, 212, 697, 058, 691, 084, 015, 375, 018, 976, 141, 894, 515, 417, 972, 984, 360, 178, 671, 506, 680, 387, 143, 236, 655, 983",-9.5078125
172,"721, 348, 822, 862, 082, 919, 742, 945, 849, 374, 699, 811, 325, 409, 089, 282, 323, 486, 113, 869, 364, 678, 695, 603, 845, 024, 322, 777, 281, 317",-9.5078125
173,"365, 916, 550, 077, 560, 872, 923, 956, 395, 497, 154, 922, 283, 967, 680, 794, 582, 585, 896, 221, 235, 095, 794, 276, 905, 122, 597, 798, 514, 715",-9.5078125
174,"335, 464, 530, 105, 693, 143, 007, 836, 024, 529, 094, 093, 064, 282, 784, 523, 410, 401, 456, 326, 439, 246, 680, 918, 144, 144, 104, 999, 090, 819",-9.5078125
175,"996, 004, 915, 997, 560, 212, 205, 478, 691, 848, 321, 131, 283, 794, 680, 981, 515, 000, 456, 229, 838, 178, 315, 488, 486, 144, 453, 451, 035, 086",-9.515625
176,"153, 945, 466, 214, 560, 872, 854, 945, 339, 553, 699, 131, 857, 309, 680, 282, 788, 831, 357, 084, 838, 916, 951, 603, 845, 972, 972, 593, 035, 086",-9.515625
177,"300, 945, 545, 717, 395, 420, 114, 586, 402, 652, 738, 156, 122, 815, 853, 282, 712, 615, 701, 899, 594, 702, 127, 571, 845, 944, 465, 593, 522, 461",-9.515625
178,"815, 230, 394, 069, 988, 859, 424, 728, 087, 974, 942, 500, 807, 598, 648, 695, 504, 376, 722, 386, 897, 546, 148, 237, 043, 803, 204, 569, 794, 065",-9.515625
179,"341, 876, 904, 492, 041, 579, 674, 991, 538, 119, 595, 173, 868, 125, 162, 553, 754, 075, 081, 892, 773, 865, 904, 967, 605, 087, 052, 387, 811, 268",-9.515625
180,"677, 496, 124, 138, 263, 790, 076, 236, 018, 119, 015, 941, 876, 976, 141, 793, 001, 106, 394, 221, 492, 583, 904, 343, 647, 928, 951, 087, 214, 661",-9.5234375
181,"365, 916, 647, 077, 560, 919, 716, 956, 476, 397, 321, 166, 857, 967, 532, 282, 534, 831, 896, 221, 220, 095, 315, 839, 905, 910, 642, 798, 281, 461",-9.5234375
182,"996, 916, 003, 848, 670, 210, 205, 477, 805, 848, 969, 227, 679, 623, 406, 869, 043, 226, 337, 984, 802, 622, 147, 893, 723, 087, 813, 469, 330, 445",-9.5234375
183,"225, 061, 206, 527, 303, 212, 758, 929, 691, 473, 937, 649, 018, 279, 141, 509, 352, 101, 802, 225, 685, 178, 467, 320, 680, 223, 291, 236, 753, 079",-9.53125
184,"166, 003, 039, 848, 795, 947, 114, 065, 805, 850, 969, 217, 679, 431, 406, 806, 043, 226, 464, 750, 347, 702, 104, 620, 253, 737, 425, 469, 330, 445",-9.5546875
185,"721, 416, 822, 224, 988, 403, 099, 549, 600, 619, 942, 746, 325, 598, 731, 676, 504, 167, 278, 957, 225, 713, 730, 119, 483, 536, 329, 777, 761, 065",-9.5625
186,"947, 268, 864, 014, 843, 282, 856, 591, 332, 048, 428, 727, 821, 790, 991, 042, 908, 326, 528, 640, 193, 293, 445, 335, 254, 385, 345, 236, 967, 871",-9.5625
187,"071, 897, 886, 543, 291, 719, 791, 144, 852, 862, 178, 137, 686, 282, 976, 914, 006, 758, 938, 526, 844, 148, 338, 592, 693, 033, 836, 381, 212, 366",-9.5703125
188,"757, 062, 530, 008, 217, 403, 007, 836, 642, 359, 237, 500, 064, 598, 784, 664, 410, 923, 085, 559, 890, 267, 680, 918, 144, 441, 046, 420, 090, 819",-9.5703125
189,"554, 358, 346, 138, 565, 362, 072, 058, 556, 286, 846, 227, 883, 264, 832, 307, 943, 189, 628, 039, 360, 583, 104, 343, 611, 387, 435, 326, 533, 442",-9.5703125
190,"153, 945, 176, 543, 318, 031, 273, 590, 849, 553, 699, 391, 857, 722, 697, 282, 534, 181, 557, 165, 567, 141, 087, 603, 845, 168, 836, 593, 784, 138",-9.578125
191,"815, 230, 545, 069, 061, 947, 114, 286, 626, 491, 797, 502, 122, 587, 853, 231, 756, 376, 701, 386, 594, 702, 340, 728, 043, 944, 465, 093, 794, 221",-9.578125
192,"071, 897, 010, 654, 291, 158, 791, 591, 852, 779, 519, 137, 734, 117, 687, 042, 482, 044, 840, 604, 685, 865, 338, 592, 680, 625, 453, 236, 963, 664",-9.5859375
193,"554, 451, 346, 078, 837, 437, 402, 521, 975, 839, 569, 079, 981, 493, 432, 501, 225, 376, 144, 368, 881, 956, 148, 327, 445, 257, 204, 921, 794, 721",-9.6015625
194,"071, 753, 466, 098, 922, 577, 240, 020, 042, 076, 097, 843, 955, 747, 319, 340, 006, 602, 891, 179, 726, 148, 338, 236, 062, 064, 949, 783, 625, 444",-9.6015625
195,"554, 061, 902, 719, 100, 950, 165, 929, 253, 839, 792, 469, 253, 888, 731, 140, 959, 101, 085, 275, 473, 978, 652, 795, 204, 063, 584, 171, 117, 517",-9.6015625
196,"996, 916, 356, 656, 922, 872, 854, 092, 852, 528, 321, 131, 177, 309, 469, 340, 788, 143, 085, 179, 838, 148, 315, 236, 723, 800, 972, 331, 212, 444",-9.609375
197,"996, 004, 670, 997, 487, 872, 758, 221, 556, 084, 840, 530, 148, 574, 680, 793, 788, 326, 437, 622, 838, 335, 462, 343, 723, 902, 524, 622, 035, 086",-9.609375
198,"285, 004, 872, 754, 082, 594, 047, 265, 849, 349, 428, 079, 857, 496, 649, 869, 756, 866, 986, 869, 685, 014, 695, 237, 680, 659, 204, 469, 963, 664",-9.609375
199,"942, 318, 904, 492, 718, 000, 444, 420, 538, 119, 595, 257, 006, 455, 104, 764, 279, 075, 290, 229, 773, 246, 904, 200, 605, 087, 036, 999, 675, 327",-9.6171875
200,"232, 062, 915, 146, 041, 403, 697, 531, 232, 459, 428, 500, 148, 598, 731, 695, 222, 433, 378, 225, 718, 178, 671, 795, 729, 659, 453, 367, 117, 664",-9.625
201,"153, 808, 039, 077, 979, 045, 923, 295, 409, 797, 699, 782, 857, 722, 537, 282, 010, 376, 241, 788, 235, 916, 695, 603, 692, 701, 429, 593, 281, 108",-9.6328125
202,"281, 740, 254, 359, 664, 793, 957, 420, 024, 457, 093, 909, 999, 954, 414, 231, 756, 793, 456, 229, 439, 246, 259, 842, 486, 144, 233, 451, 290, 628",-9.6328125
203,"365, 836, 647, 098, 922, 489, 923, 579, 296, 419, 261, 843, 807, 493, 532, 834, 222, 585, 891, 221, 225, 267, 599, 913, 905, 697, 196, 681, 514, 600",-9.640625
204,"720, 753, 466, 345, 159, 872, 676, 092, 610, 800, 576, 393, 737, 105, 972, 356, 575, 143, 708, 651, 673, 231, 674, 893, 066, 212, 016, 783, 675, 086",-9.65625
205,"677, 496, 124, 138, 857, 742, 569, 626, 188, 972, 840, 500, 351, 598, 731, 858, 081, 106, 808, 764, 225, 583, 599, 100, 853, 140, 951, 367, 214, 661",-9.65625
206,"677, 836, 603, 043, 041, 254, 697, 579, 042, 419, 097, 961, 271, 493, 319, 834, 835, 335, 891, 984, 718, 096, 671, 913, 884, 058, 150, 681, 625, 600",-9.6640625
207,"381, 347, 124, 043, 560, 254, 697, 298, 571, 141, 154, 961, 055, 345, 931, 869, 043, 737, 085, 984, 838, 096, 671, 962, 723, 659, 150, 469, 214, 086",-9.6640625
208,"166, 778, 176, 823, 061, 031, 143, 065, 345, 641, 077, 227, 993, 413, 697, 571, 916, 949, 557, 386, 516, 141, 087, 156, 043, 168, 836, 030, 330, 007",-9.671875
209,"650, 112, 176, 845, 577, 739, 076, 080, 345, 641, 077, 391, 727, 976, 141, 909, 916, 181, 850, 165, 567, 907, 027, 072, 949, 168, 836, 087, 003, 138",-9.671875
210,"387, 464, 781, 345, 693, 793, 637, 355, 369, 004, 071, 028, 006, 113, 416, 553, 079, 024, 456, 948, 439, 246, 259, 488, 025, 322, 255, 999, 675, 783",-9.671875
211,"239, 655, 254, 105, 810, 464, 768, 836, 610, 457, 069, 536, 274, 105, 731, 465, 410, 793, 890, 744, 635, 267, 259, 495, 486, 212, 586, 926, 706, 819",-9.6796875
212,"166, 328, 367, 296, 670, 007, 143, 065, 256, 438, 696, 166, 993, 739, 950, 571, 943, 226, 464, 197, 321, 661, 104, 970, 265, 140, 940, 326, 720, 195",-9.6875
213,"573, 131, 394, 975, 100, 697, 569, 531, 852, 459, 792, 500, 960, 598, 731, 695, 222, 490, 085, 739, 225, 267, 926, 867, 204, 441, 088, 381, 117, 065",-9.6875
214,"300, 892, 545, 743, 434, 947, 601, 122, 626, 491, 797, 156, 122, 805, 853, 394, 712, 095, 701, 798, 959, 036, 340, 728, 253, 944, 597, 638, 522, 903",-9.6953125
215,"451, 230, 039, 862, 062, 969, 977, 521, 849, 040, 483, 366, 857, 722, 537, 231, 756, 401, 241, 390, 220, 959, 148, 603, 294, 304, 429, 593, 281, 461",-9.703125
216,"867, 451, 455, 743, 164, 670, 572, 243, 756, 848, 403, 040, 950, 598, 731, 861, 712, 433, 701, 377, 225, 956, 127, 795, 027, 724, 345, 367, 992, 845",-9.703125
217,"720, 992, 598, 835, 052, 578, 159, 975, 610, 371, 298, 268, 274, 105, 731, 801, 413, 681, 441, 174, 001, 790, 144, 834, 388, 452, 586, 349, 675, 009",-9.703125
218,"594, 757, 012, 876, 422, 832, 698, 132, 941, 990, 846, 488, 194, 973, 832, 639, 963, 869, 197, 039, 360, 954, 277, 514, 861, 518, 524, 370, 875, 442",-9.703125
219,"071, 897, 113, 296, 565, 763, 165, 065, 805, 779, 696, 227, 960, 501, 976, 140, 006, 847, 840, 574, 857, 978, 338, 588, 769, 064, 435, 381, 533, 076",-9.703125
220,"554, 003, 039, 048, 837, 437, 114, 772, 626, 839, 797, 156, 689, 184, 388, 501, 420, 428, 860, 581, 427, 956, 340, 728, 445, 257, 141, 372, 533, 221",-9.71875
221,"226, 927, 814, 055, 100, 918, 408, 146, 296, 346, 483, 500, 253, 982, 731, 429, 222, 433, 085, 938, 713, 646, 846, 795, 193, 773, 208, 565, 001, 629",-9.71875
222,"153, 004, 039, 862, 659, 919, 569, 531, 691, 553, 428, 400, 974, 722, 537, 282, 222, 326, 378, 869, 220, 916, 695, 324, 845, 972, 453, 367, 963, 664",-9.7265625
223,"281, 836, 009, 507, 363, 969, 402, 521, 541, 807, 569, 079, 955, 587, 432, 231, 756, 303, 144, 400, 726, 776, 790, 674, 294, 058, 949, 681, 794, 492",-9.734375
224,"133, 182, 670, 138, 272, 678, 758, 171, 332, 824, 456, 530, 148, 002, 551, 939, 908, 778, 437, 063, 193, 178, 445, 343, 254, 821, 192, 370, 729, 871",-9.734375
225,"757, 416, 847, 876, 950, 832, 656, 420, 941, 990, 183, 488, 006, 973, 414, 639, 656, 024, 456, 079, 439, 954, 259, 514, 486, 518, 167, 601, 675, 189",-9.734375
226,"554, 376, 846, 078, 693, 156, 165, 647, 507, 839, 094, 652, 967, 566, 964, 323, 225, 969, 421, 574, 635, 810, 360, 327, 244, 257, 584, 921, 533, 327",-9.7421875
227,"962, 348, 600, 702, 691, 947, 397, 034, 972, 619, 455, 424, 368, 805, 058, 760, 323, 693, 446, 957, 364, 304, 627, 088, 253, 736, 040, 610, 522, 317",-9.7421875
228,"815, 230, 915, 069, 082, 969, 758, 728, 948, 349, 428, 400, 955, 587, 649, 042, 920, 326, 986, 869, 685, 776, 148, 237, 043, 958, 453, 593, 963, 007",-9.75
229,"691, 112, 466, 543, 577, 577, 273, 590, 345, 641, 077, 391, 955, 413, 469, 079, 835, 181, 557, 179, 726, 131, 087, 943, 652, 168, 937, 030, 450, 444",-9.75
230,"381, 376, 846, 098, 560, 872, 480, 137, 476, 141, 154, 843, 283, 747, 731, 794, 835, 000, 891, 798, 838, 335, 790, 913, 388, 212, 597, 999, 035, 086",-9.7578125
231,"959, 062, 394, 008, 303, 403, 569, 531, 296, 459, 699, 649, 883, 279, 731, 695, 222, 101, 802, 377, 427, 267, 599, 776, 254, 441, 291, 367, 117, 076",-9.7578125
232,"594, 062, 648, 138, 857, 362, 569, 058, 296, 972, 694, 530, 354, 598, 731, 307, 222, 772, 002, 622, 225, 583, 599, 100, 386, 441, 524, 370, 203, 894",-9.765625
233,"451, 416, 394, 698, 062, 969, 977, 521, 948, 349, 942, 298, 807, 282, 731, 231, 756, 401, 986, 377, 881, 546, 148, 232, 294, 304, 455, 569, 090, 492",-9.78125
234,"387, 534, 760, 831, 303, 796, 637, 355, 619, 004, 549, 649, 883, 279, 416, 553, 079, 044, 802, 250, 399, 865, 809, 972, 025, 223, 291, 548, 753, 783",-9.78125
235,"232, 249, 649, 839, 750, 918, 995, 146, 242, 346, 483, 093, 138, 105, 855, 505, 296, 024, 814, 145, 176, 959, 846, 976, 388, 731, 062, 999, 090, 629",-9.796875
236,"153, 568, 039, 717, 395, 420, 716, 945, 626, 151, 738, 156, 689, 805, 388, 806, 303, 428, 174, 581, 935, 916, 340, 571, 845, 972, 141, 593, 522, 323",-9.8046875
237,"365, 358, 647, 684, 041, 007, 923, 065, 805, 438, 696, 227, 993, 623, 532, 764, 943, 226, 290, 197, 347, 688, 930, 200, 904, 929, 036, 326, 811, 548",-9.8125
238,"030, 311, 124, 043, 041, 362, 957, 265, 024, 286, 948, 961, 055, 581, 102, 869, 782, 737, 360, 984, 718, 096, 671, 962, 611, 144, 150, 469, 214, 368",-9.8359375
239,"757, 062, 394, 507, 363, 403, 159, 760, 186, 349, 093, 500, 194, 598, 731, 231, 963, 923, 986, 377, 001, 267, 599, 514, 294, 441, 204, 760, 794, 492",-9.8359375
240,"594, 934, 012, 138, 865, 964, 072, 058, 556, 537, 740, 530, 354, 002, 832, 307, 081, 106, 437, 403, 220, 583, 085, 343, 845, 972, 314, 593, 132, 442",-9.8359375
241,"166, 276, 904, 069, 041, 783, 143, 407, 538, 911, 528, 952, 955, 455, 406, 571, 258, 949, 464, 386, 516, 622, 104, 620, 043, 087, 036, 093, 811, 007",-9.859375
242,"833, 004, 670, 138, 487, 678, 758, 956, 040, 099, 261, 922, 148, 002, 832, 682, 081, 326, 437, 622, 360, 095, 794, 343, 853, 910, 524, 370, 963, 664",-9.8828125
243,"658, 757, 847, 899, 529, 947, 114, 132, 422, 990, 797, 488, 194, 805, 174, 639, 963, 947, 523, 581, 935, 954, 578, 728, 861, 518, 167, 601, 875, 221",-9.8828125
244,"093, 348, 356, 734, 282, 919, 124, 549, 600, 848, 350, 400, 283, 574, 680, 676, 323, 486, 113, 376, 220, 335, 633, 119, 558, 024, 972, 331, 035, 317",-9.8984375
245,"033, 062, 346, 008, 041, 014, 697, 065, 571, 459, 696, 227, 960, 264, 731, 695, 043, 433, 767, 877, 718, 622, 671, 588, 729, 659, 435, 367, 117, 065",-9.90625
246,"757, 348, 924, 734, 950, 832, 742, 549, 941, 374, 183, 488, 194, 409, 089, 639, 963, 947, 197, 376, 890, 678, 633, 514, 558, 024, 531, 777, 114, 189",-9.90625
247,"281, 467, 009, 032, 082, 969, 008, 521, 948, 349, 699, 891, 857, 587, 537, 505, 560, 303, 144, 390, 802, 725, 695, 674, 294, 708, 842, 681, 124, 492",-9.921875
248,"573, 348, 822, 231, 509, 158, 172, 521, 943, 619, 792, 141, 817, 888, 089, 676, 725, 808, 278, 957, 703, 678, 730, 119, 204, 152, 329, 777, 335, 517",-9.921875
249,"365, 629, 647, 492, 979, 856, 444, 416, 188, 119, 863, 137, 055, 528, 532, 682, 582, 092, 808, 712, 740, 513, 018, 592, 605, 064, 278, 798, 240, 259",-9.9453125
250,"658, 512, 847, 899, 950, 832, 698, 586, 945, 990, 183, 156, 194, 805, 174, 806, 963, 947, 397, 581, 935, 106, 277, 728, 938, 944, 951, 601, 875, 221",-9.96875
251,"594, 232, 394, 008, 422, 403, 601, 531, 025, 459, 364, 215, 354, 565, 102, 981, 782, 793, 360, 229, 464, 014, 857, 795, 611, 144, 917, 367, 117, 368",-9.9921875
252,"166, 778, 847, 069, 950, 832, 698, 132, 941, 990, 183, 227, 993, 465, 174, 571, 943, 949, 197, 240, 890, 622, 104, 620, 861, 087, 947, 093, 875, 189",-10.0078125
253,"285, 871, 039, 043, 082, 919, 716, 710, 849, 553, 347, 400, 857, 723, 537, 282, 043, 831, 241, 984, 317, 918, 671, 603, 729, 659, 338, 469, 798, 386",-10.09375
254,"658, 230, 847, 507, 363, 832, 977, 132, 941, 691, 253, 488, 717, 973, 432, 639, 756, 947, 186, 079, 890, 954, 277, 514, 294, 518, 167, 601, 033, 189",-10.1640625
255,"079, 249, 846, 839, 810, 551, 995, 137, 153, 009, 732, 246, 585, 956, 088, 505, 410, 024, 456, 326, 841, 790, 259, 495, 486, 258, 586, 451, 706, 349",-10.2578125
256,"166, 602, 598, 296, 670, 578, 143, 975, 352, 371, 298, 640, 993, 623, 406, 571, 413, 615, 464, 197, 347, 807, 104, 620, 904, 087, 813, 349, 330, 548",-10.421875
